[{"model": "admin.logentry", "pk": 1, "fields": {"action_time": "2024-02-26T06:18:27.209Z", "user": 2, "content_type": 7, "object_id": "1", "object_repr": "Category: Women's Clothing", "action_flag": 1, "change_message": "[{\"added\": {}}]"}}, {"model": "admin.logentry", "pk": 2, "fields": {"action_time": "2024-02-26T06:18:41.204Z", "user": 2, "content_type": 7, "object_id": "2", "object_repr": "Category: Men's Clothing", "action_flag": 1, "change_message": "[{\"added\": {}}]"}}, {"model": "admin.logentry", "pk": 3, "fields": {"action_time": "2024-02-26T06:19:54.085Z", "user": 2, "content_type": 7, "object_id": "3", "object_repr": "Category: Kids' Clothing", "action_flag": 1, "change_message": "[{\"added\": {}}]"}}, {"model": "admin.logentry", "pk": 4, "fields": {"action_time": "2024-02-26T06:20:00.261Z", "user": 2, "content_type": 7, "object_id": "4", "object_repr": "Category: Watches", "action_flag": 1, "change_message": "[{\"added\": {}}]"}}, {"model": "admin.logentry", "pk": 5, "fields": {"action_time": "2024-02-26T06:20:26.739Z", "user": 2, "content_type": 7, "object_id": "5", "object_repr": "Category: Shoes and Handbags", "action_flag": 1, "change_message": "[{\"added\": {}}]"}}, {"model": "admin.logentry", "pk": 6, "fields": {"action_time": "2024-02-26T06:20:39.757Z", "user": 2, "content_type": 7, "object_id": "6", "object_repr": "Category: Books and Stationery", "action_flag": 1, "change_message": "[{\"added\": {}}]"}}, {"model": "admin.logentry", "pk": 7, "fields": {"action_time": "2024-02-26T06:21:14.442Z", "user": 2, "content_type": 7, "object_id": "7", "object_repr": "Category: Home and Kitchen", "action_flag": 1, "change_message": "[{\"added\": {}}]"}}, {"model": "admin.logentry", "pk": 8, "fields": {"action_time": "2024-02-26T06:21:52.847Z", "user": 2, "content_type": 7, "object_id": "8", "object_repr": "Category: Health and Personal Care", "action_flag": 1, "change_message": "[{\"added\": {}}]"}}, {"model": "admin.logentry", "pk": 9, "fields": {"action_time": "2024-02-26T06:21:57.808Z", "user": 2, "content_type": 7, "object_id": "9", "object_repr": "Category: Gifts", "action_flag": 1, "change_message": "[{\"added\": {}}]"}}, {"model": "admin.logentry", "pk": 10, "fields": {"action_time": "2024-02-26T06:56:39.800Z", "user": 2, "content_type": 9, "object_id": "1", "object_repr": "Products object (1)", "action_flag": 1, "change_message": "[{\"added\": {}}]"}}, {"model": "admin.logentry", "pk": 11, "fields": {"action_time": "2024-02-26T06:59:37.442Z", "user": 2, "content_type": 9, "object_id": "2", "object_repr": "Products object (2)", "action_flag": 1, "change_message": "[{\"added\": {}}]"}}, {"model": "admin.logentry", "pk": 12, "fields": {"action_time": "2024-02-26T07:03:36.088Z", "user": 2, "content_type": 9, "object_id": "3", "object_repr": "Products object (3)", "action_flag": 1, "change_message": "[{\"added\": {}}]"}}, {"model": "admin.logentry", "pk": 13, "fields": {"action_time": "2024-02-26T07:05:05.435Z", "user": 2, "content_type": 9, "object_id": "4", "object_repr": "Products object (4)", "action_flag": 1, "change_message": "[{\"added\": {}}]"}}, {"model": "admin.logentry", "pk": 14, "fields": {"action_time": "2024-02-26T07:06:59.457Z", "user": 2, "content_type": 9, "object_id": "5", "object_repr": "Products object (5)", "action_flag": 1, "change_message": "[{\"added\": {}}]"}}, {"model": "admin.logentry", "pk": 15, "fields": {"action_time": "2024-02-26T07:16:07.040Z", "user": 2, "content_type": 9, "object_id": "6", "object_repr": "Products object (6)", "action_flag": 1, "change_message": "[{\"added\": {}}]"}}, {"model": "admin.logentry", "pk": 16, "fields": {"action_time": "2024-02-26T07:17:04.660Z", "user": 2, "content_type": 9, "object_id": "7", "object_repr": "Products object (7)", "action_flag": 1, "change_message": "[{\"added\": {}}]"}}, {"model": "admin.logentry", "pk": 17, "fields": {"action_time": "2024-02-26T07:18:31.083Z", "user": 2, "content_type": 9, "object_id": "8", "object_repr": "Products object (8)", "action_flag": 1, "change_message": "[{\"added\": {}}]"}}, {"model": "admin.logentry", "pk": 18, "fields": {"action_time": "2024-02-26T07:21:00.870Z", "user": 2, "content_type": 9, "object_id": "9", "object_repr": "Products object (9)", "action_flag": 1, "change_message": "[{\"added\": {}}]"}}, {"model": "admin.logentry", "pk": 19, "fields": {"action_time": "2024-02-26T07:22:37.938Z", "user": 2, "content_type": 9, "object_id": "10", "object_repr": "Products object (10)", "action_flag": 1, "change_message": "[{\"added\": {}}]"}}, {"model": "admin.logentry", "pk": 20, "fields": {"action_time": "2024-02-26T23:48:42.539Z", "user": 2, "content_type": 10, "object_id": "1", "object_repr": "Order object (1)", "action_flag": 2, "change_message": "[{\"changed\": {\"fields\": [\"Address\"]}}]"}}, {"model": "admin.logentry", "pk": 21, "fields": {"action_time": "2024-02-26T23:49:09.817Z", "user": 2, "content_type": 10, "object_id": "1", "object_repr": "Order object (1)", "action_flag": 2, "change_message": "[]"}}, {"model": "admin.logentry", "pk": 22, "fields": {"action_time": "2024-02-26T23:59:13.858Z", "user": 2, "content_type": 9, "object_id": "11", "object_repr": "Products object (11)", "action_flag": 1, "change_message": "[{\"added\": {}}]"}}, {"model": "admin.logentry", "pk": 23, "fields": {"action_time": "2024-02-27T00:01:42.437Z", "user": 2, "content_type": 9, "object_id": "12", "object_repr": "Products object (12)", "action_flag": 1, "change_message": "[{\"added\": {}}]"}}, {"model": "admin.logentry", "pk": 24, "fields": {"action_time": "2024-02-27T00:02:52.656Z", "user": 2, "content_type": 9, "object_id": "13", "object_repr": "Products object (13)", "action_flag": 1, "change_message": "[{\"added\": {}}]"}}, {"model": "admin.logentry", "pk": 25, "fields": {"action_time": "2024-02-27T00:04:13.698Z", "user": 2, "content_type": 9, "object_id": "14", "object_repr": "Products object (14)", "action_flag": 1, "change_message": "[{\"added\": {}}]"}}, {"model": "admin.logentry", "pk": 26, "fields": {"action_time": "2024-02-27T00:06:15.586Z", "user": 2, "content_type": 9, "object_id": "15", "object_repr": "Products object (15)", "action_flag": 1, "change_message": "[{\"added\": {}}]"}}, {"model": "admin.logentry", "pk": 27, "fields": {"action_time": "2024-02-27T00:07:51.693Z", "user": 2, "content_type": 9, "object_id": "16", "object_repr": "Products object (16)", "action_flag": 1, "change_message": "[{\"added\": {}}]"}}, {"model": "admin.logentry", "pk": 28, "fields": {"action_time": "2024-02-27T00:09:30.175Z", "user": 2, "content_type": 9, "object_id": "17", "object_repr": "Products object (17)", "action_flag": 1, "change_message": "[{\"added\": {}}]"}}, {"model": "admin.logentry", "pk": 29, "fields": {"action_time": "2024-02-27T00:11:04.756Z", "user": 2, "content_type": 9, "object_id": "18", "object_repr": "Products object (18)", "action_flag": 1, "change_message": "[{\"added\": {}}]"}}, {"model": "admin.logentry", "pk": 30, "fields": {"action_time": "2024-02-27T00:15:24.991Z", "user": 2, "content_type": 9, "object_id": "19", "object_repr": "Products object (19)", "action_flag": 1, "change_message": "[{\"added\": {}}]"}}, {"model": "admin.logentry", "pk": 31, "fields": {"action_time": "2024-02-27T06:00:41.217Z", "user": 2, "content_type": 9, "object_id": "20", "object_repr": "Products object (20)", "action_flag": 1, "change_message": "[{\"added\": {}}]"}}, {"model": "admin.logentry", "pk": 32, "fields": {"action_time": "2024-02-27T06:02:31.704Z", "user": 2, "content_type": 9, "object_id": "21", "object_repr": "Products object (21)", "action_flag": 1, "change_message": "[{\"added\": {}}]"}}, {"model": "admin.logentry", "pk": 33, "fields": {"action_time": "2024-02-27T06:03:54.488Z", "user": 2, "content_type": 9, "object_id": "22", "object_repr": "Products object (22)", "action_flag": 1, "change_message": "[{\"added\": {}}]"}}, {"model": "admin.logentry", "pk": 34, "fields": {"action_time": "2024-02-27T06:06:30.901Z", "user": 2, "content_type": 9, "object_id": "23", "object_repr": "Products object (23)", "action_flag": 1, "change_message": "[{\"added\": {}}]"}}, {"model": "admin.logentry", "pk": 35, "fields": {"action_time": "2024-02-27T06:07:54.556Z", "user": 2, "content_type": 9, "object_id": "24", "object_repr": "Products object (24)", "action_flag": 1, "change_message": "[{\"added\": {}}]"}}, {"model": "admin.logentry", "pk": 36, "fields": {"action_time": "2024-02-27T06:08:46.090Z", "user": 2, "content_type": 9, "object_id": "24", "object_repr": "Products object (24)", "action_flag": 3, "change_message": ""}}, {"model": "admin.logentry", "pk": 37, "fields": {"action_time": "2024-02-27T06:10:32.318Z", "user": 2, "content_type": 9, "object_id": "25", "object_repr": "Products object (25)", "action_flag": 1, "change_message": "[{\"added\": {}}]"}}, {"model": "admin.logentry", "pk": 38, "fields": {"action_time": "2024-02-27T06:12:31.971Z", "user": 2, "content_type": 9, "object_id": "26", "object_repr": "Products object (26)", "action_flag": 1, "change_message": "[{\"added\": {}}]"}}, {"model": "admin.logentry", "pk": 39, "fields": {"action_time": "2024-02-27T06:15:08.719Z", "user": 2, "content_type": 9, "object_id": "27", "object_repr": "Products object (27)", "action_flag": 1, "change_message": "[{\"added\": {}}]"}}, {"model": "admin.logentry", "pk": 40, "fields": {"action_time": "2024-02-27T06:16:25.120Z", "user": 2, "content_type": 9, "object_id": "28", "object_repr": "Products object (28)", "action_flag": 1, "change_message": "[{\"added\": {}}]"}}, {"model": "admin.logentry", "pk": 41, "fields": {"action_time": "2024-02-27T06:17:26.131Z", "user": 2, "content_type": 9, "object_id": "29", "object_repr": "Products object (29)", "action_flag": 1, "change_message": "[{\"added\": {}}]"}}, {"model": "admin.logentry", "pk": 42, "fields": {"action_time": "2024-02-27T06:19:17.236Z", "user": 2, "content_type": 9, "object_id": "30", "object_repr": "Products object (30)", "action_flag": 1, "change_message": "[{\"added\": {}}]"}}, {"model": "admin.logentry", "pk": 43, "fields": {"action_time": "2024-02-27T06:20:15.922Z", "user": 2, "content_type": 9, "object_id": "31", "object_repr": "Products object (31)", "action_flag": 1, "change_message": "[{\"added\": {}}]"}}, {"model": "admin.logentry", "pk": 44, "fields": {"action_time": "2024-02-27T06:22:03.735Z", "user": 2, "content_type": 9, "object_id": "32", "object_repr": "Products object (32)", "action_flag": 1, "change_message": "[{\"added\": {}}]"}}, {"model": "admin.logentry", "pk": 45, "fields": {"action_time": "2024-02-27T06:23:49.517Z", "user": 2, "content_type": 9, "object_id": "33", "object_repr": "Products object (33)", "action_flag": 1, "change_message": "[{\"added\": {}}]"}}, {"model": "admin.logentry", "pk": 46, "fields": {"action_time": "2024-02-27T06:25:40.076Z", "user": 2, "content_type": 9, "object_id": "34", "object_repr": "Products object (34)", "action_flag": 1, "change_message": "[{\"added\": {}}]"}}, {"model": "admin.logentry", "pk": 47, "fields": {"action_time": "2024-02-27T06:26:48.844Z", "user": 2, "content_type": 9, "object_id": "35", "object_repr": "Products object (35)", "action_flag": 1, "change_message": "[{\"added\": {}}]"}}, {"model": "admin.logentry", "pk": 48, "fields": {"action_time": "2024-02-27T06:29:03.020Z", "user": 2, "content_type": 9, "object_id": "36", "object_repr": "Products object (36)", "action_flag": 1, "change_message": "[{\"added\": {}}]"}}, {"model": "admin.logentry", "pk": 49, "fields": {"action_time": "2024-02-27T06:30:04.731Z", "user": 2, "content_type": 9, "object_id": "37", "object_repr": "Products object (37)", "action_flag": 1, "change_message": "[{\"added\": {}}]"}}, {"model": "admin.logentry", "pk": 50, "fields": {"action_time": "2024-02-27T06:31:24.658Z", "user": 2, "content_type": 9, "object_id": "38", "object_repr": "Products object (38)", "action_flag": 1, "change_message": "[{\"added\": {}}]"}}, {"model": "admin.logentry", "pk": 51, "fields": {"action_time": "2024-02-27T06:33:21.494Z", "user": 2, "content_type": 9, "object_id": "39", "object_repr": "Products object (39)", "action_flag": 1, "change_message": "[{\"added\": {}}]"}}, {"model": "admin.logentry", "pk": 52, "fields": {"action_time": "2024-02-27T06:34:27.594Z", "user": 2, "content_type": 9, "object_id": "40", "object_repr": "Products object (40)", "action_flag": 1, "change_message": "[{\"added\": {}}]"}}, {"model": "admin.logentry", "pk": 53, "fields": {"action_time": "2024-02-27T06:36:37.118Z", "user": 2, "content_type": 9, "object_id": "41", "object_repr": "Products object (41)", "action_flag": 1, "change_message": "[{\"added\": {}}]"}}, {"model": "admin.logentry", "pk": 54, "fields": {"action_time": "2024-02-27T06:38:48.464Z", "user": 2, "content_type": 9, "object_id": "42", "object_repr": "Products object (42)", "action_flag": 1, "change_message": "[{\"added\": {}}]"}}, {"model": "admin.logentry", "pk": 55, "fields": {"action_time": "2024-02-27T06:39:41.942Z", "user": 2, "content_type": 9, "object_id": "42", "object_repr": "Products object (42)", "action_flag": 2, "change_message": "[]"}}, {"model": "admin.logentry", "pk": 56, "fields": {"action_time": "2024-02-27T06:40:10.348Z", "user": 2, "content_type": 9, "object_id": "42", "object_repr": "Products object (42)", "action_flag": 2, "change_message": "[{\"changed\": {\"fields\": [\"Image url\"]}}]"}}, {"model": "admin.logentry", "pk": 57, "fields": {"action_time": "2024-02-27T06:41:24.329Z", "user": 2, "content_type": 9, "object_id": "43", "object_repr": "Products object (43)", "action_flag": 1, "change_message": "[{\"added\": {}}]"}}, {"model": "admin.logentry", "pk": 58, "fields": {"action_time": "2024-02-27T06:42:11.579Z", "user": 2, "content_type": 7, "object_id": "9", "object_repr": "Category: Gifts", "action_flag": 3, "change_message": ""}}, {"model": "admin.logentry", "pk": 59, "fields": {"action_time": "2024-02-27T16:03:01.040Z", "user": 2, "content_type": 9, "object_id": "44", "object_repr": "Products object (44)", "action_flag": 1, "change_message": "[{\"added\": {}}]"}}, {"model": "admin.logentry", "pk": 60, "fields": {"action_time": "2024-02-27T16:05:46.215Z", "user": 2, "content_type": 9, "object_id": "45", "object_repr": "Products object (45)", "action_flag": 1, "change_message": "[{\"added\": {}}]"}}, {"model": "admin.logentry", "pk": 61, "fields": {"action_time": "2024-02-27T16:07:30.922Z", "user": 2, "content_type": 9, "object_id": "46", "object_repr": "Products object (46)", "action_flag": 1, "change_message": "[{\"added\": {}}]"}}, {"model": "admin.logentry", "pk": 62, "fields": {"action_time": "2024-02-27T16:08:38.876Z", "user": 2, "content_type": 9, "object_id": "47", "object_repr": "Products object (47)", "action_flag": 1, "change_message": "[{\"added\": {}}]"}}, {"model": "admin.logentry", "pk": 63, "fields": {"action_time": "2024-02-27T16:09:46.743Z", "user": 2, "content_type": 9, "object_id": "48", "object_repr": "Products object (48)", "action_flag": 1, "change_message": "[{\"added\": {}}]"}}, {"model": "admin.logentry", "pk": 64, "fields": {"action_time": "2024-02-27T16:11:50.083Z", "user": 2, "content_type": 9, "object_id": "49", "object_repr": "Products object (49)", "action_flag": 1, "change_message": "[{\"added\": {}}]"}}, {"model": "admin.logentry", "pk": 65, "fields": {"action_time": "2024-02-27T16:13:01.900Z", "user": 2, "content_type": 9, "object_id": "50", "object_repr": "Products object (50)", "action_flag": 1, "change_message": "[{\"added\": {}}]"}}, {"model": "admin.logentry", "pk": 66, "fields": {"action_time": "2024-02-27T16:16:11.177Z", "user": 2, "content_type": 9, "object_id": "51", "object_repr": "Products object (51)", "action_flag": 1, "change_message": "[{\"added\": {}}]"}}, {"model": "admin.logentry", "pk": 67, "fields": {"action_time": "2024-02-27T16:17:40.010Z", "user": 2, "content_type": 9, "object_id": "52", "object_repr": "Products object (52)", "action_flag": 1, "change_message": "[{\"added\": {}}]"}}, {"model": "admin.logentry", "pk": 68, "fields": {"action_time": "2024-02-27T16:18:46.932Z", "user": 2, "content_type": 9, "object_id": "53", "object_repr": "Products object (53)", "action_flag": 1, "change_message": "[{\"added\": {}}]"}}, {"model": "admin.logentry", "pk": 69, "fields": {"action_time": "2024-02-27T16:19:47.100Z", "user": 2, "content_type": 9, "object_id": "54", "object_repr": "Products object (54)", "action_flag": 1, "change_message": "[{\"added\": {}}]"}}, {"model": "admin.logentry", "pk": 70, "fields": {"action_time": "2024-02-27T16:21:18.303Z", "user": 2, "content_type": 9, "object_id": "48", "object_repr": "Products object (48)", "action_flag": 2, "change_message": "[{\"changed\": {\"fields\": [\"Category\"]}}]"}}, {"model": "admin.logentry", "pk": 71, "fields": {"action_time": "2024-02-27T16:23:55.379Z", "user": 2, "content_type": 9, "object_id": "55", "object_repr": "Products object (55)", "action_flag": 1, "change_message": "[{\"added\": {}}]"}}, {"model": "admin.logentry", "pk": 72, "fields": {"action_time": "2024-02-27T16:24:52.989Z", "user": 2, "content_type": 9, "object_id": "56", "object_repr": "Products object (56)", "action_flag": 1, "change_message": "[{\"added\": {}}]"}}, {"model": "admin.logentry", "pk": 73, "fields": {"action_time": "2024-02-27T16:26:09.693Z", "user": 2, "content_type": 9, "object_id": "57", "object_repr": "Products object (57)", "action_flag": 1, "change_message": "[{\"added\": {}}]"}}, {"model": "admin.logentry", "pk": 74, "fields": {"action_time": "2024-02-27T16:29:37.376Z", "user": 2, "content_type": 9, "object_id": "58", "object_repr": "Products object (58)", "action_flag": 1, "change_message": "[{\"added\": {}}]"}}, {"model": "admin.logentry", "pk": 75, "fields": {"action_time": "2024-02-27T16:30:43.276Z", "user": 2, "content_type": 9, "object_id": "59", "object_repr": "Products object (59)", "action_flag": 1, "change_message": "[{\"added\": {}}]"}}, {"model": "admin.logentry", "pk": 76, "fields": {"action_time": "2024-02-27T16:31:55.166Z", "user": 2, "content_type": 9, "object_id": "60", "object_repr": "Products object (60)", "action_flag": 1, "change_message": "[{\"added\": {}}]"}}, {"model": "auth.permission", "pk": 1, "fields": {"name": "Can add log entry", "content_type": 1, "codename": "add_logentry"}}, {"model": "auth.permission", "pk": 2, "fields": {"name": "Can change log entry", "content_type": 1, "codename": "change_logentry"}}, {"model": "auth.permission", "pk": 3, "fields": {"name": "Can delete log entry", "content_type": 1, "codename": "delete_logentry"}}, {"model": "auth.permission", "pk": 4, "fields": {"name": "Can view log entry", "content_type": 1, "codename": "view_logentry"}}, {"model": "auth.permission", "pk": 5, "fields": {"name": "Can add permission", "content_type": 2, "codename": "add_permission"}}, {"model": "auth.permission", "pk": 6, "fields": {"name": "Can change permission", "content_type": 2, "codename": "change_permission"}}, {"model": "auth.permission", "pk": 7, "fields": {"name": "Can delete permission", "content_type": 2, "codename": "delete_permission"}}, {"model": "auth.permission", "pk": 8, "fields": {"name": "Can view permission", "content_type": 2, "codename": "view_permission"}}, {"model": "auth.permission", "pk": 9, "fields": {"name": "Can add group", "content_type": 3, "codename": "add_group"}}, {"model": "auth.permission", "pk": 10, "fields": {"name": "Can change group", "content_type": 3, "codename": "change_group"}}, {"model": "auth.permission", "pk": 11, "fields": {"name": "Can delete group", "content_type": 3, "codename": "delete_group"}}, {"model": "auth.permission", "pk": 12, "fields": {"name": "Can view group", "content_type": 3, "codename": "view_group"}}, {"model": "auth.permission", "pk": 13, "fields": {"name": "Can add user", "content_type": 4, "codename": "add_user"}}, {"model": "auth.permission", "pk": 14, "fields": {"name": "Can change user", "content_type": 4, "codename": "change_user"}}, {"model": "auth.permission", "pk": 15, "fields": {"name": "Can delete user", "content_type": 4, "codename": "delete_user"}}, {"model": "auth.permission", "pk": 16, "fields": {"name": "Can view user", "content_type": 4, "codename": "view_user"}}, {"model": "auth.permission", "pk": 17, "fields": {"name": "Can add content type", "content_type": 5, "codename": "add_contenttype"}}, {"model": "auth.permission", "pk": 18, "fields": {"name": "Can change content type", "content_type": 5, "codename": "change_contenttype"}}, {"model": "auth.permission", "pk": 19, "fields": {"name": "Can delete content type", "content_type": 5, "codename": "delete_contenttype"}}, {"model": "auth.permission", "pk": 20, "fields": {"name": "Can view content type", "content_type": 5, "codename": "view_contenttype"}}, {"model": "auth.permission", "pk": 21, "fields": {"name": "Can add session", "content_type": 6, "codename": "add_session"}}, {"model": "auth.permission", "pk": 22, "fields": {"name": "Can change session", "content_type": 6, "codename": "change_session"}}, {"model": "auth.permission", "pk": 23, "fields": {"name": "Can delete session", "content_type": 6, "codename": "delete_session"}}, {"model": "auth.permission", "pk": 24, "fields": {"name": "Can view session", "content_type": 6, "codename": "view_session"}}, {"model": "auth.permission", "pk": 25, "fields": {"name": "Can add category", "content_type": 7, "codename": "add_category"}}, {"model": "auth.permission", "pk": 26, "fields": {"name": "Can change category", "content_type": 7, "codename": "change_category"}}, {"model": "auth.permission", "pk": 27, "fields": {"name": "Can delete category", "content_type": 7, "codename": "delete_category"}}, {"model": "auth.permission", "pk": 28, "fields": {"name": "Can view category", "content_type": 7, "codename": "view_category"}}, {"model": "auth.permission", "pk": 29, "fields": {"name": "Can add customer", "content_type": 8, "codename": "add_customer"}}, {"model": "auth.permission", "pk": 30, "fields": {"name": "Can change customer", "content_type": 8, "codename": "change_customer"}}, {"model": "auth.permission", "pk": 31, "fields": {"name": "Can delete customer", "content_type": 8, "codename": "delete_customer"}}, {"model": "auth.permission", "pk": 32, "fields": {"name": "Can view customer", "content_type": 8, "codename": "view_customer"}}, {"model": "auth.permission", "pk": 33, "fields": {"name": "Can add products", "content_type": 9, "codename": "add_products"}}, {"model": "auth.permission", "pk": 34, "fields": {"name": "Can change products", "content_type": 9, "codename": "change_products"}}, {"model": "auth.permission", "pk": 35, "fields": {"name": "Can delete products", "content_type": 9, "codename": "delete_products"}}, {"model": "auth.permission", "pk": 36, "fields": {"name": "Can view products", "content_type": 9, "codename": "view_products"}}, {"model": "auth.permission", "pk": 37, "fields": {"name": "Can add order", "content_type": 10, "codename": "add_order"}}, {"model": "auth.permission", "pk": 38, "fields": {"name": "Can change order", "content_type": 10, "codename": "change_order"}}, {"model": "auth.permission", "pk": 39, "fields": {"name": "Can delete order", "content_type": 10, "codename": "delete_order"}}, {"model": "auth.permission", "pk": 40, "fields": {"name": "Can view order", "content_type": 10, "codename": "view_order"}}, {"model": "auth.user", "pk": 1, "fields": {"password": "pbkdf2_sha256$720000$fCdnZHVo2c9kHo1pFA0HhZ$Y5IEj5c4vUYucCvYuJIlCd6R/egBwjFbSyN9O9qDF38=", "last_login": null, "is_superuser": true, "username": "max", "first_name": "", "last_name": "", "email": "vitamaxoduo@gmail.com", "is_staff": true, "is_active": true, "date_joined": "2024-02-21T09:10:48.306Z", "groups": [], "user_permissions": []}}, {"model": "auth.user", "pk": 2, "fields": {"password": "pbkdf2_sha256$720000$uJKNZONAsmUYTj1sYEmqcG$/+8aJN4cHzd9g6XhUjhUw/nbC4rJL5ANtXdEE4W4IAc=", "last_login": "2024-02-26T06:18:12.693Z", "is_superuser": true, "username": "vitamax", "first_name": "", "last_name": "", "email": "vitamaxoduo@gmail.com", "is_staff": true, "is_active": true, "date_joined": "2024-02-21T09:15:02.967Z", "groups": [], "user_permissions": []}}, {"model": "contenttypes.contenttype", "pk": 1, "fields": {"app_label": "admin", "model": "logentry"}}, {"model": "contenttypes.contenttype", "pk": 2, "fields": {"app_label": "auth", "model": "permission"}}, {"model": "contenttypes.contenttype", "pk": 3, "fields": {"app_label": "auth", "model": "group"}}, {"model": "contenttypes.contenttype", "pk": 4, "fields": {"app_label": "auth", "model": "user"}}, {"model": "contenttypes.contenttype", "pk": 5, "fields": {"app_label": "contenttypes", "model": "contenttype"}}, {"model": "contenttypes.contenttype", "pk": 6, "fields": {"app_label": "sessions", "model": "session"}}, {"model": "contenttypes.contenttype", "pk": 7, "fields": {"app_label": "store", "model": "category"}}, {"model": "contenttypes.contenttype", "pk": 8, "fields": {"app_label": "store", "model": "customer"}}, {"model": "contenttypes.contenttype", "pk": 9, "fields": {"app_label": "store", "model": "products"}}, {"model": "contenttypes.contenttype", "pk": 10, "fields": {"app_label": "store", "model": "order"}}, {"model": "sessions.session", "pk": "d5essyeczn01iqckmpq6a4ec813k0elb", "fields": {"session_data": ".eJxVjDsOgzAQBe_iOrK8Nh-HMn3OgNa7SyAfLNmmQtw9INHQvpk3qyJMRXXrdlM9LmXslyypn1h1yqrLFpA-Mh-A3zi_oqY4lzQFfSj6pFk_I8v3cbqXwIh53N8wGO8EW-8IvAC7-m6IuTKh4lbEGofCAWqWoa28NHcYrAkNWhCy4nGP0pJL_ElSHWx_XfFAHA:1rf5Jh:5EFXeEcB7-HOkbBZDXVNhf6UnKpkAbbDvaofCxl2d7M", "expire_date": "2024-03-12T21:48:49.360Z"}}, {"model": "sessions.session", "pk": "dyvoyyztckm2ng4bjfxkkbpaxl79bkz2", "fields": {"session_data": ".eJxVjEEOwiAQRe_C2hAGaKEu3XsGMjCDVA0kpV0Z765NutDtf-_9lwi4rSVsnZcwkzgLLU6_W8T04LoDumO9NZlaXZc5yl2RB-3y2oifl8P9OyjYy7eGrLxhdN4k8AxkhkklIquiJceslUGmCANxdtbzOEHWKo6ogZNmj-L9AfBFOIM:1rcj2P:SK9HWv2iL0E0CQi3OX2s_OtD4h6iEcQSbXn7ITh7Grs", "expire_date": "2024-03-06T09:37:13.202Z"}}, {"model": "store.category", "pk": 1, "fields": {"name": "Women's Clothing"}}, {"model": "store.category", "pk": 2, "fields": {"name": "Men's Clothing"}}, {"model": "store.category", "pk": 3, "fields": {"name": "Kids' Clothing"}}, {"model": "store.category", "pk": 4, "fields": {"name": "Watches"}}, {"model": "store.category", "pk": 5, "fields": {"name": "Shoes and Handbags"}}, {"model": "store.category", "pk": 6, "fields": {"name": "Books and Stationery"}}, {"model": "store.category", "pk": 7, "fields": {"name": "Home and Kitchen"}}, {"model": "store.category", "pk": 8, "fields": {"name": "Health and Personal Care"}}, {"model": "store.customer", "pk": 1, "fields": {"first_name": "Alphonce", "last_name": "Juma", "phone": "0790174526", "email": "alphoncejuma@gmail.com", "password": "pbkdf2_sha256$720000$gHDYWRJIIXppt9ImdjB5kB$fDxujTZ9ihThJCfBu4ClncDsfdx0lLSO9Hp7H9SnOrk="}}, {"model": "store.products", "pk": 1, "fields": {"name": "Defacto Woman Traditional Regular Fit Crew Neck Knitted Shor", "price": 850, "category": 1, "description": null, "image_url": "https://ke.jumia.is/unsafe/fit-in/680x680/filters:fill(white)/product/34/5285251/2.jpg?9624"}}, {"model": "store.products", "pk": 2, "fields": {"name": "Woman Coool Loose Fit Knitted Short Sleeve T-Shirt - Brown", "price": 900, "category": 1, "description": null, "image_url": "https://ke.jumia.is/unsafe/fit-in/500x500/filters:fill(white)/product/20/5285251/1.jpg?9565"}}, {"model": "store.products", "pk": 3, "fields": {"name": "Fashion Sexiest Mock Neck Ribbed Bodycon Dress (Hips 36-44\"", "price": 600, "category": 1, "description": null, "image_url": "https://ke.jumia.is/unsafe/fit-in/500x500/filters:fill(white)/product/45/369033/1.jpg?4525"}}, {"model": "store.products", "pk": 4, "fields": {"name": "Fashion Stylish Mock Neck Ribbed Bodycon Dress(Hips 36-44inc", "price": 600, "category": 1, "description": null, "image_url": "https://ke.jumia.is/unsafe/fit-in/500x500/filters:fill(white)/product/65/369033/1.jpg?0454"}}, {"model": "store.products", "pk": 5, "fields": {"name": "Fashion 3PCs Soft Cotton Stretch Ladies Stripped Tight", "price": 1000, "category": 1, "description": null, "image_url": "https://ke.jumia.is/unsafe/fit-in/300x300/filters:fill(white)/product/74/7902611/1.jpg?4935"}}, {"model": "store.products", "pk": 6, "fields": {"name": "Fashion Women's Hoodies Casual Trendy Sweatshirts", "price": 880, "category": 1, "description": null, "image_url": "https://ke.jumia.is/unsafe/fit-in/500x500/filters:fill(white)/product/31/9417561/1.jpg?8384"}}, {"model": "store.products", "pk": 7, "fields": {"name": "Women's Drop Shoulder Flap Pocket Patched Button Up Denim Ja", "price": 0, "category": 1, "description": null, "image_url": "https://ke.jumia.is/unsafe/fit-in/500x500/filters:fill(white)/product/87/705617/1.jpg?8681"}}, {"model": "store.products", "pk": 8, "fields": {"name": "2PCs Sexy Strappy Ice Silk Seamless Ladies Panties", "price": 550, "category": 1, "description": null, "image_url": "https://ke.jumia.is/unsafe/fit-in/500x500/filters:fill(white)/product/04/2101161/1.jpg?0963"}}, {"model": "store.products", "pk": 9, "fields": {"name": "Fashion 6 Pure Cotton Panties", "price": 1150, "category": 1, "description": null, "image_url": "https://ke.jumia.is/unsafe/fit-in/500x500/filters:fill(white)/product/71/145023/1.jpg?0767"}}, {"model": "store.products", "pk": 10, "fields": {"name": "Ladies Office Clothing Long Dresses Turkey Floral Sleeve -", "price": 1030, "category": 1, "description": null, "image_url": "https://ke.jumia.is/unsafe/fit-in/500x500/filters:fill(white)/product/25/421243/1.jpg?3486"}}, {"model": "store.products", "pk": 11, "fields": {"name": "Yixin 3 PCS/Sets Tshirt T-shirt Men Wear Men Suit Men Coat S", "price": 1350, "category": 2, "description": null, "image_url": "https://ke.jumia.is/unsafe/fit-in/500x500/filters:fill(white)/product/82/5320951/1.jpg?5450"}}, {"model": "store.products", "pk": 12, "fields": {"name": "Fashion Men's 2 In 1 Short Sleeve T-Shirt & Shorts Set- Blac", "price": 873, "category": 2, "description": null, "image_url": "https://ke.jumia.is/unsafe/fit-in/500x500/filters:fill(white)/product/84/7555101/1.jpg?5105"}}, {"model": "store.products", "pk": 13, "fields": {"name": "Mens Casual Trousers Jogger Jean Sports Sweat Pants Officia", "price": 940, "category": 2, "description": null, "image_url": "https://ke.jumia.is/unsafe/fit-in/500x500/filters:fill(white)/product/26/114155/1.jpg?1696"}}, {"model": "store.products", "pk": 14, "fields": {"name": "Sweatpants Pockets Pants Man Sweatpants Youthful Vit", "price": 830, "category": 2, "description": null, "image_url": "https://ke.jumia.is/unsafe/fit-in/680x680/filters:fill(white)/product/48/3854421/1.jpg?1411"}}, {"model": "store.products", "pk": 15, "fields": {"name": "Fashion 2Pcs/Set Plus Size Men Solid Color Long Sleeve-Light", "price": 3125, "category": 2, "description": null, "image_url": "https://ke.jumia.is/unsafe/fit-in/500x500/filters:fill(white)/product/96/888816/1.jpg?1563"}}, {"model": "store.products", "pk": 16, "fields": {"name": "Men's Suit Coat Pants Uniform Suit (with Vest", "price": 4523, "category": 2, "description": null, "image_url": "https://ke.jumia.is/unsafe/fit-in/500x500/filters:fill(white)/product/00/250439/1.jpg?3402"}}, {"model": "store.products", "pk": 17, "fields": {"name": "Mens Retro Wedding Party 2-Piece Set Embroidery Men Tang Sui", "price": 14568, "category": 2, "description": null, "image_url": "https://ke.jumia.is/unsafe/fit-in/500x500/filters:fill(white)/product/03/982336/1.jpg?8686"}}, {"model": "store.products", "pk": 18, "fields": {"name": "Fashion African Mens Wears", "price": 4567, "category": 2, "description": null, "image_url": "https://ke.jumia.is/unsafe/fit-in/500x500/filters:fill(white)/product/46/690385/1.jpg?8610"}}, {"model": "store.products", "pk": 19, "fields": {"name": "Wlisth Women's Stainless Steel Quartz Wristwatch", "price": 1138, "category": 4, "description": null, "image_url": "https://ke.jumia.is/unsafe/fit-in/680x680/filters:fill(white)/product/71/936783/1.jpg?3278"}}, {"model": "store.products", "pk": 20, "fields": {"name": "SHARE THIS PRODUCT   Shipped from abroad Skmei Women's Watch", "price": 2642, "category": 4, "description": null, "image_url": "https://ke.jumia.is/unsafe/fit-in/500x500/filters:fill(white)/product/29/615841/1.jpg?8188"}}, {"model": "store.products", "pk": 21, "fields": {"name": "Fashion Nurse Watch Lapel Fob Quartz Hanging Pocket SILVER", "price": 689, "category": 4, "description": null, "image_url": "https://ke.jumia.is/unsafe/fit-in/500x500/filters:fill(white)/product/94/635663/1.jpg?4586"}}, {"model": "store.products", "pk": 22, "fields": {"name": "Sanda Fashion Sport Digital Wristwatch LED Digital Men's Wat", "price": 2000, "category": 4, "description": null, "image_url": "https://ke.jumia.is/unsafe/fit-in/500x500/filters:fill(white)/product/07/495039/1.jpg?0449"}}, {"model": "store.products", "pk": 23, "fields": {"name": "Bee Sister Ladies Classic 30M Water Resistant Wrist Watch", "price": 3000, "category": 4, "description": null, "image_url": "https://ke.jumia.is/unsafe/fit-in/500x500/filters:fill(white)/product/11/166782/1.jpg?6585"}}, {"model": "store.products", "pk": 25, "fields": {"name": "Wlisth Men's Watches Waterproof Quartz Wristwatch", "price": 1800, "category": 4, "description": null, "image_url": "https://ke.jumia.is/unsafe/fit-in/500x500/filters:fill(white)/product/44/407783/1.jpg?3366"}}, {"model": "store.products", "pk": 26, "fields": {"name": "Tisa Nyota Men Backpack Bags Oxford Business Laptop Backpack", "price": 1500, "category": 5, "description": null, "image_url": "https://ke.jumia.is/unsafe/fit-in/500x500/filters:fill(white)/product/54/914176/1.jpg?2037"}}, {"model": "store.products", "pk": 27, "fields": {"name": "Tisa Nyota Ladies Handbags PU Leather Bucket Bags 3 In 1-Pin", "price": 1290, "category": 5, "description": null, "image_url": "https://ke.jumia.is/unsafe/fit-in/500x500/filters:fill(white)/product/61/331796/1.jpg?1882"}}, {"model": "store.products", "pk": 28, "fields": {"name": "Nyota Ladies Handbags PU Leather Shoulder Bag 4 In 1 Bucket", "price": 1100, "category": 5, "description": null, "image_url": "https://ke.jumia.is/unsafe/fit-in/300x300/filters:fill(white)/product/37/7939851/1.jpg?1710"}}, {"model": "store.products", "pk": 29, "fields": {"name": "Fashion Fahion Backpack Bags Laptop - Black With Grey", "price": 1500, "category": 5, "description": null, "image_url": "https://ke.jumia.is/unsafe/fit-in/500x500/filters:fill(white)/product/81/9165511/1.jpg?3319"}}, {"model": "store.products", "pk": 30, "fields": {"name": "Fashion Couple Canvas Low Top Lace-up Shoes Classic Casual S", "price": 960, "category": 5, "description": null, "image_url": "https://ke.jumia.is/unsafe/fit-in/500x500/filters:fill(white)/product/03/5240451/1.jpg?816"}}, {"model": "store.products", "pk": 31, "fields": {"name": "All star OFFER OFFER BLACK RUBBER SHOES SIZE 43", "price": 1799, "category": 5, "description": null, "image_url": "https://ke.jumia.is/unsafe/fit-in/500x500/filters:fill(white)/product/25/3750961/1.jpg?0565"}}, {"model": "store.products", "pk": 32, "fields": {"name": "Casual And Versatile Cushioned Men's Sneakers Casual Shoes", "price": 1890, "category": 5, "description": null, "image_url": "https://ke.jumia.is/unsafe/fit-in/500x500/filters:fill(white)/product/48/2476411/1.jpg?9639"}}, {"model": "store.products", "pk": 33, "fields": {"name": "Women's Casual Flat loafer walking shoes Platform Brogue sho", "price": 750, "category": 5, "description": null, "image_url": "https://ke.jumia.is/unsafe/fit-in/500x500/filters:fill(white)/product/92/9547771/1.jpg?8506"}}, {"model": "store.products", "pk": 34, "fields": {"name": "Trendy Anti Stain Women Rubber Shoes-White", "price": 600, "category": 5, "description": null, "image_url": "https://ke.jumia.is/unsafe/fit-in/500x500/filters:fill(white)/product/80/617144/1.jpg?0826"}}, {"model": "store.products", "pk": 35, "fields": {"name": "Comfy Classy Ladies Polka Dot Rubber Shoes Pink", "price": 580, "category": 5, "description": null, "image_url": "https://ke.jumia.is/unsafe/fit-in/500x500/filters:fill(white)/product/33/8076831/1.jpg?1567"}}, {"model": "store.products", "pk": 36, "fields": {"name": "LED Light Up Shoes For Kids Girls Sneaker", "price": 1250, "category": 5, "description": null, "image_url": "https://ke.jumia.is/unsafe/fit-in/500x500/filters:fill(white)/product/50/9086221/1.jpg?9540"}}, {"model": "store.products", "pk": 37, "fields": {"name": "Adorable Love Gold Sparkle Bubble Crocks For Kids Bouncing C", "price": 850, "category": 5, "description": null, "image_url": "https://ke.jumia.is/unsafe/fit-in/500x500/filters:fill(white)/product/97/3661251/1.jpg?9265"}}, {"model": "store.products", "pk": 38, "fields": {"name": "SCHOOL SHOES Leather And Rubber", "price": 1245, "category": 5, "description": null, "image_url": "https://ke.jumia.is/unsafe/fit-in/500x500/filters:fill(white)/product/12/540996/1.jpg?1483"}}, {"model": "store.products", "pk": 39, "fields": {"name": "Boy Casual Regular Fit Crew Neck Knitted Short Sleeve T-Shir", "price": 390, "category": 3, "description": null, "image_url": "https://ke.jumia.is/unsafe/fit-in/500x500/filters:fill(white)/product/37/5185251/1.jpg?6150"}}, {"model": "store.products", "pk": 40, "fields": {"name": "Kids' Romper / Sleepsuits White", "price": 900, "category": 3, "description": null, "image_url": "https://ke.jumia.is/unsafe/fit-in/500x500/filters:fill(white)/product/22/9483171/1.jpg?4886"}}, {"model": "store.products", "pk": 41, "fields": {"name": "Pretty Kids' Summer Dress Grey.", "price": 1000, "category": 3, "description": null, "image_url": "https://ke.jumia.is/unsafe/fit-in/500x500/filters:fill(white)/product/03/1223171/1.jpg?1344"}}, {"model": "store.products", "pk": 42, "fields": {"name": "Magic Capped Sleeves Patterned Cotton Dress", "price": 1500, "category": 3, "description": null, "image_url": "https://ke.jumia.is/unsafe/fit-in/500x500/filters:fill(white)/product/70/827555/1.jpg?8616"}}, {"model": "store.products", "pk": 43, "fields": {"name": "Baby Girl Summer Denim Set", "price": 1750, "category": 3, "description": null, "image_url": "https://ke.jumia.is/unsafe/fit-in/500x500/filters:fill(white)/product/13/4653851/1.jpg?5545"}}, {"model": "store.products", "pk": 44, "fields": {"name": "Curtains With 1PCS ORANGE", "price": 1780, "category": 7, "description": null, "image_url": "https://ke.jumia.is/unsafe/fit-in/500x500/filters:fill(white)/product/91/650003/1.jpg?5910"}}, {"model": "store.products", "pk": 45, "fields": {"name": "WHITE Curtain + FREE Sheer", "price": 6345, "category": 7, "description": null, "image_url": "https://ke.jumia.is/unsafe/fit-in/500x500/filters:fill(white)/product/22/091982/1.jpg?8466"}}, {"model": "store.products", "pk": 46, "fields": {"name": "Night Starry Sky Moon Stars DIY Glow In The Dark Luminous", "price": 180, "category": 7, "description": null, "image_url": "https://ke.jumia.is/unsafe/fit-in/500x500/filters:fill(white)/product/73/174903/1.jpg?3078"}}, {"model": "store.products", "pk": 47, "fields": {"name": "7-Branches Artificial Fake Plastic Silk Eucalyptus Plant", "price": 246, "category": 7, "description": null, "image_url": "https://ke.jumia.is/unsafe/fit-in/500x500/filters:fill(white)/product/18/113915/1.jpg?0747"}}, {"model": "store.products", "pk": 48, "fields": {"name": "Soft Tie-Dye Carpet Floor Mat Fluffy Antiskid-Light Grey", "price": 469, "category": 7, "description": null, "image_url": "https://ke.jumia.is/unsafe/fit-in/500x500/filters:fill(white)/product/82/991515/1.jpg?3473"}}, {"model": "store.products", "pk": 49, "fields": {"name": "Rashnik 22\" 3 Layer S.S. Dish Rack", "price": 2050, "category": 7, "description": null, "image_url": "https://ke.jumia.is/unsafe/fit-in/500x500/filters:fill(white)/product/90/1701361/1.jpg?6546"}}, {"model": "store.products", "pk": 50, "fields": {"name": "Ramtons RM/582-Electric Pressure Cooker- Black", "price": 12123, "category": 7, "description": null, "image_url": "https://ke.jumia.is/unsafe/fit-in/500x500/filters:fill(white)/product/33/505623/1.jpg?1146"}}, {"model": "store.products", "pk": 51, "fields": {"name": "NIVEA Perfect & Radiant Even Tone Day And Night Cream For Wo", "price": 890, "category": 8, "description": null, "image_url": "https://ke.jumia.is/unsafe/fit-in/500x500/filters:fill(white)/product/03/082586/1.jpg?3405"}}, {"model": "store.products", "pk": 52, "fields": {"name": "Mizani Miracle Length Hairline And Root Stimulator", "price": 5600, "category": 8, "description": null, "image_url": "https://ke.jumia.is/unsafe/fit-in/500x500/filters:fill(white)/product/35/383633/1.jpg?8084"}}, {"model": "store.products", "pk": 53, "fields": {"name": "SHARE THIS PRODUCT   Nova Hair Straightener 2 In 1 Curling I", "price": 990, "category": 8, "description": null, "image_url": "https://ke.jumia.is/unsafe/fit-in/500x500/filters:fill(white)/product/51/031318/1.jpg?8866"}}, {"model": "store.products", "pk": 54, "fields": {"name": "Meinaier Coffee Sea Salt Bath Whitening SPA Scrub -680g", "price": 450, "category": 8, "description": null, "image_url": "https://ke.jumia.is/unsafe/fit-in/500x500/filters:fill(white)/product/69/981634/1.jpg?4151"}}, {"model": "store.products", "pk": 55, "fields": {"name": "Maybelline Lifter Gloss Hydrating Lip Gloss With Hyaluronic", "price": 1268, "category": 8, "description": null, "image_url": "https://ke.jumia.is/unsafe/fit-in/500x500/filters:fill(white)/product/46/019916/1.jpg?2496"}}, {"model": "store.products", "pk": 56, "fields": {"name": "NIVEA Pearl & Beauty Black Pearl Fine Fragrance Anti-Perspir", "price": 700, "category": 8, "description": null, "image_url": "https://ke.jumia.is/unsafe/fit-in/500x500/filters:fill(white)/product/01/009419/1.jpg?1103"}}, {"model": "store.products", "pk": 57, "fields": {"name": "Garnier Vitamin C Booster Serum 30ml Twin Pack", "price": 2300, "category": 8, "description": null, "image_url": "https://ke.jumia.is/unsafe/fit-in/500x500/filters:fill(white)/product/05/0712221/1.jpg?7500"}}, {"model": "store.products", "pk": 58, "fields": {"name": "2 Tween Bookshelf", "price": 800, "category": 6, "description": null, "image_url": "https://ke.jumia.is/unsafe/fit-in/500x500/filters:fill(white)/product/90/5209981/1.jpg?7498"}}, {"model": "store.products", "pk": 59, "fields": {"name": "Pentel EnerGel GEL PEN 0.7mm", "price": 600, "category": 6, "description": null, "image_url": "https://ke.jumia.is/unsafe/fit-in/500x500/filters:fill(white)/product/89/766834/1.jpg?8501"}}, {"model": "store.products", "pk": 60, "fields": {"name": "SHARE THIS PRODUCT   Casio Scientific Calculator -Fx-82ms..", "price": 1189, "category": 6, "description": null, "image_url": "https://ke.jumia.is/unsafe/fit-in/500x500/filters:fill(white)/product/07/7268161/1.jpg?3261"}}, {"model": "store.order", "pk": 1, "fields": {"product": 2, "customer": 1, "quantity": 1, "price": 900, "address": "1234", "phone": "0790174526", "date": "2024-02-26", "status": false}}, {"model": "store.order", "pk": 2, "fields": {"product": 26, "customer": 1, "quantity": 1, "price": 1500, "address": "1234", "phone": "0790174526", "date": "2024-02-27", "status": false}}, {"model": "store.order", "pk": 3, "fields": {"product": 28, "customer": 1, "quantity": 1, "price": 1100, "address": "1234", "phone": "0790174526", "date": "2024-02-27", "status": false}}, {"model": "store.order", "pk": 4, "fields": {"product": 29, "customer": 1, "quantity": 1, "price": 1500, "address": "1234", "phone": "0790174526", "date": "2024-02-27", "status": false}}, {"model": "store.order", "pk": 5, "fields": {"product": 40, "customer": 1, "quantity": 1, "price": 900, "address": "1234", "phone": "0790174526", "date": "2024-02-27", "status": false}}]